{
    "Italy": {
        "len": 215,
        "all_num": 2.167441860465116,
        "diff_num": 1.6232558139534883
    },
    "United States of America": {
        "len": 285,
        "all_num": 2.126315789473684,
        "diff_num": 1.4912280701754386
    },
    "Turkey": {
        "len": 98,
        "all_num": 2.010204081632653,
        "diff_num": 1.5510204081632653
    },
    "Japan": {
        "len": 186,
        "all_num": 1.6344086021505377,
        "diff_num": 1.3279569892473118
    },
    "France": {
        "len": 175,
        "all_num": 2.2342857142857144,
        "diff_num": 1.7485714285714287
    },
    "United Kingdom": {
        "len": 83,
        "all_num": 1.5542168674698795,
        "diff_num": 1.0963855421686748
    },
    "Mexico": {
        "len": 57,
        "all_num": 2.3684210526315788,
        "diff_num": 1.894736842105263
    },
    "India": {
        "len": 132,
        "all_num": 1.4318181818181819,
        "diff_num": 1.0303030303030303
    },
    "Germany": {
        "len": 57,
        "all_num": 1.5789473684210527,
        "diff_num": 1.2280701754385965
    },
    "People's Republic of China": {
        "len": 97,
        "all_num": 1.7216494845360826,
        "diff_num": 1.3814432989690721
    },
    "Iran": {
        "len": 21,
        "all_num": 1.9523809523809523,
        "diff_num": 1.2380952380952381
    },
    "Greece": {
        "len": 21,
        "all_num": 2.619047619047619,
        "diff_num": 1.9523809523809523
    },
    "Spain": {
        "len": 95,
        "all_num": 2.4105263157894736,
        "diff_num": 1.9473684210526316
    },
    "Russia": {
        "len": 27,
        "all_num": 3.2222222222222223,
        "diff_num": 2.814814814814815
    }
}